lemma,ilis
waterfall,['i86414']
wood,['i116549']
snow,['i98073']
ski,['i58996']
season,['i117323']
ice,['i115475']
winter,['i117312']
salmon,['i49007']
berry,['i77735']
sheep,['i48291']
boat,['i50885']
cloud,['i85226']
cabin,['i51337']
mountain,['i85815']
midnight,['i116927']
countryside,['i82392']
storm,['i97824']
ocean,['i85897']
crown,['i52549']
aurora,['i116932']
